size	openmpMergeSort	openmpMergeSortIterative	parallelMergeSort	parallelMergeSortIterative	tholderMergeSortIterative
100000	0.002554	0.001808	0.002158	0.004620	0.002223
1000000	0.025679	0.016797	0.016766	0.022099	0.018924
5000000	0.135075	0.088805	0.093169	0.099402	0.095130
10000000	0.283969	0.186393	0.197934	0.210589	0.203743
50000000	1.549268	1.002566	1.008454	1.073117	1.195216
100000000	3.186014	2.039182	2.013464	2.173331	2.211711
500000000	16.966061	10.990475	10.603998	11.544002	11.642148
1000000000	35.103426	22.339816	22.079446	22.974484	22.967632
