size	openmpMergeSort	openmpMergeSortIterative	parallelMergeSort	parallelMergeSortIterative	tholderMergeSortIterative
100000	0.002151	0.001779	0.002243	0.007484	0.002346
1000000	0.017442	0.013820	0.015395	0.021891	0.015337
5000000	0.090557	0.072185	0.073457	0.083526	0.084486
10000000	0.184440	0.150006	0.152048	0.171028	0.175126
50000000	0.968540	0.805256	0.766426	1.342363	0.904015
100000000	2.006585	1.605887	1.536783	1.766497	1.820170
500000000	10.467718	9.846957	7.782655	10.384979	10.440034
1000000000	21.545558	19.372570	16.147353	18.848568	19.216133
