size	openmpMergeSort	openmpMergeSortIterative	parallelMergeSort	parallelMergeSortIterative	tholderMergeSortIterative
100000	0.015470	0.131287	0.002858	0.013777	0.002736
1000000	0.022672	0.155137	0.013534	0.026987	0.015469
5000000	0.076235	0.207274	0.063633	0.082716	0.076847
10000000	0.151505	0.272410	0.127536	0.163310	0.160200
50000000	0.739925	0.903066	0.671100	0.951785	0.838186
100000000	1.503122	1.654691	1.350825	1.705778	1.710692
500000000	7.794389	9.837970	6.446614	10.495752	10.424742
1000000000	15.458327	18.783624	13.750531	18.675233	21.193486
