size	serialMergeSort	serialMergeSortIterative
100000	0.009059	0.012325
1000000	0.100856	0.083875
5000000	0.548696	0.463215
10000000	1.152978	0.973812
50000000	6.251586	5.330894
100000000	12.967905	11.021120
500000000	70.408816	60.446024
1000000000	145.897752	125.356229
