size	openmpMergeSort	openmpMergeSortIterative	parallelMergeSort	parallelMergeSortIterative	tholderMergeSortIterative
2000	0.000676	0.000478	0.000866	0.003854	0.000770
3000	0.000693	0.000503	0.000889	0.004062	0.000627
4000	0.000696	0.000508	0.000888	0.004599	0.000814
5000	0.000718	0.000541	0.000896	0.005045	0.000785
6000	0.000768	0.000547	0.000904	0.004610	0.000807
7000	0.000732	0.000549	0.000928	0.004621	0.000737
8000	0.000742	0.000563	0.000912	0.004826	0.000900
9000	0.000752	0.000588	0.000956	0.004900	0.000981
10000	0.000779	0.000598	0.000966	0.005131	0.000892
15000	0.000826	0.000637	0.001007	0.005448	0.000929
20000	0.000907	0.000717	0.001063	0.005531	0.001170
25000	0.000987	0.000786	0.001156	0.006084	0.001249
30000	0.001082	0.000827	0.001249	0.005932	0.001268
